Parameter,Value
MSE,7.0553333333333335
MAE,1.4793333333333334
R-SQUARED,0.3836212983545878
RMSE,2.656187744368484
ACCURACY,0.6546666666666666
