Parameter,Value
MSE,17.500666666666667
MAE,2.398
R-SQUARED,-0.6367894858394734
RMSE,4.183379813818806
ACCURACY,0.5533333333333333
